[{"model": "auth.permission", "pk": 1, "fields": {"name": "Can add log entry", "content_type": 1, "codename": "add_logentry"}}, {"model": "auth.permission", "pk": 2, "fields": {"name": "Can change log entry", "content_type": 1, "codename": "change_logentry"}}, {"model": "auth.permission", "pk": 3, "fields": {"name": "Can delete log entry", "content_type": 1, "codename": "delete_logentry"}}, {"model": "auth.permission", "pk": 4, "fields": {"name": "Can view log entry", "content_type": 1, "codename": "view_logentry"}}, {"model": "auth.permission", "pk": 5, "fields": {"name": "Can add permission", "content_type": 2, "codename": "add_permission"}}, {"model": "auth.permission", "pk": 6, "fields": {"name": "Can change permission", "content_type": 2, "codename": "change_permission"}}, {"model": "auth.permission", "pk": 7, "fields": {"name": "Can delete permission", "content_type": 2, "codename": "delete_permission"}}, {"model": "auth.permission", "pk": 8, "fields": {"name": "Can view permission", "content_type": 2, "codename": "view_permission"}}, {"model": "auth.permission", "pk": 9, "fields": {"name": "Can add group", "content_type": 3, "codename": "add_group"}}, {"model": "auth.permission", "pk": 10, "fields": {"name": "Can change group", "content_type": 3, "codename": "change_group"}}, {"model": "auth.permission", "pk": 11, "fields": {"name": "Can delete group", "content_type": 3, "codename": "delete_group"}}, {"model": "auth.permission", "pk": 12, "fields": {"name": "Can view group", "content_type": 3, "codename": "view_group"}}, {"model": "auth.permission", "pk": 13, "fields": {"name": "Can add user", "content_type": 4, "codename": "add_user"}}, {"model": "auth.permission", "pk": 14, "fields": {"name": "Can change user", "content_type": 4, "codename": "change_user"}}, {"model": "auth.permission", "pk": 15, "fields": {"name": "Can delete user", "content_type": 4, "codename": "delete_user"}}, {"model": "auth.permission", "pk": 16, "fields": {"name": "Can view user", "content_type": 4, "codename": "view_user"}}, {"model": "auth.permission", "pk": 17, "fields": {"name": "Can add content type", "content_type": 5, "codename": "add_contenttype"}}, {"model": "auth.permission", "pk": 18, "fields": {"name": "Can change content type", "content_type": 5, "codename": "change_contenttype"}}, {"model": "auth.permission", "pk": 19, "fields": {"name": "Can delete content type", "content_type": 5, "codename": "delete_contenttype"}}, {"model": "auth.permission", "pk": 20, "fields": {"name": "Can view content type", "content_type": 5, "codename": "view_contenttype"}}, {"model": "auth.permission", "pk": 21, "fields": {"name": "Can add session", "content_type": 6, "codename": "add_session"}}, {"model": "auth.permission", "pk": 22, "fields": {"name": "Can change session", "content_type": 6, "codename": "change_session"}}, {"model": "auth.permission", "pk": 23, "fields": {"name": "Can delete session", "content_type": 6, "codename": "delete_session"}}, {"model": "auth.permission", "pk": 24, "fields": {"name": "Can view session", "content_type": 6, "codename": "view_session"}}, {"model": "auth.permission", "pk": 25, "fields": {"name": "Can add tape", "content_type": 7, "codename": "add_tape"}}, {"model": "auth.permission", "pk": 26, "fields": {"name": "Can change tape", "content_type": 7, "codename": "change_tape"}}, {"model": "auth.permission", "pk": 27, "fields": {"name": "Can delete tape", "content_type": 7, "codename": "delete_tape"}}, {"model": "auth.permission", "pk": 28, "fields": {"name": "Can view tape", "content_type": 7, "codename": "view_tape"}}, {"model": "auth.permission", "pk": 29, "fields": {"name": "Can add song", "content_type": 8, "codename": "add_song"}}, {"model": "auth.permission", "pk": 30, "fields": {"name": "Can change song", "content_type": 8, "codename": "change_song"}}, {"model": "auth.permission", "pk": 31, "fields": {"name": "Can delete song", "content_type": 8, "codename": "delete_song"}}, {"model": "auth.permission", "pk": 32, "fields": {"name": "Can view song", "content_type": 8, "codename": "view_song"}}, {"model": "auth.permission", "pk": 33, "fields": {"name": "Can add profile", "content_type": 9, "codename": "add_profile"}}, {"model": "auth.permission", "pk": 34, "fields": {"name": "Can change profile", "content_type": 9, "codename": "change_profile"}}, {"model": "auth.permission", "pk": 35, "fields": {"name": "Can delete profile", "content_type": 9, "codename": "delete_profile"}}, {"model": "auth.permission", "pk": 36, "fields": {"name": "Can view profile", "content_type": 9, "codename": "view_profile"}}, {"model": "auth.user", "pk": 1, "fields": {"password": "pbkdf2_sha256$870000$u2mvFtdPq0EygkDoEfme5S$HN+RTYqvLnBw1hHEf4CHuIPP5Pnv5OdjoFHRGTtNLW0=", "last_login": "2025-03-14T12:09:03.463Z", "is_superuser": true, "username": "ol", "first_name": "", "last_name": "", "email": "oliver.g.hughes@gmail.com", "is_staff": true, "is_active": true, "date_joined": "2025-03-05T22:27:22.077Z", "groups": [], "user_permissions": []}}, {"model": "auth.user", "pk": 2, "fields": {"password": "pbkdf2_sha256$870000$dh1SEIXl8pOY1LG1W40xqi$EbuDfm8nkNfOBNWA9pZod+C4drpi/jjXPNItqP0O5UA=", "last_login": null, "is_superuser": true, "username": "Samuel-Jackson", "first_name": "", "last_name": "", "email": "sam@acting.com", "is_staff": true, "is_active": true, "date_joined": "2025-03-10T13:19:01.838Z", "groups": [], "user_permissions": []}}, {"model": "auth.user", "pk": 3, "fields": {"password": "pbkdf2_sha256$870000$D4Pk66Qv4CGRpOR8I8qOHo$xL9tVnflHuk13uGBRQjViHGhvi/3qAeZ3lCpbLip9WA=", "last_login": "2025-03-12T14:41:59.074Z", "is_superuser": false, "username": "geoff", "first_name": "", "last_name": "", "email": "", "is_staff": false, "is_active": true, "date_joined": "2025-03-10T15:22:23.318Z", "groups": [], "user_permissions": []}}, {"model": "contenttypes.contenttype", "pk": 1, "fields": {"app_label": "admin", "model": "logentry"}}, {"model": "contenttypes.contenttype", "pk": 2, "fields": {"app_label": "auth", "model": "permission"}}, {"model": "contenttypes.contenttype", "pk": 3, "fields": {"app_label": "auth", "model": "group"}}, {"model": "contenttypes.contenttype", "pk": 4, "fields": {"app_label": "auth", "model": "user"}}, {"model": "contenttypes.contenttype", "pk": 5, "fields": {"app_label": "contenttypes", "model": "contenttype"}}, {"model": "contenttypes.contenttype", "pk": 6, "fields": {"app_label": "sessions", "model": "session"}}, {"model": "contenttypes.contenttype", "pk": 7, "fields": {"app_label": "tape", "model": "tape"}}, {"model": "contenttypes.contenttype", "pk": 8, "fields": {"app_label": "song", "model": "song"}}, {"model": "contenttypes.contenttype", "pk": 9, "fields": {"app_label": "user", "model": "profile"}}, {"model": "sessions.session", "pk": "aiszuis0i9z7yo41v2hyupf9j0ktgmgc", "fields": {"session_data": ".eJxVjDEKwzAMAP_iuRiSSLbTsXvfECRLbtIWG-JkCv17MWRo17vjDjPRvs3TXnWdFjFX05nLL2OKL81NyJPyo9hY8rYubFtiT1vtvYi-b2f7N5ipzm3rPHTiNaoACTA6dgjRD2HEOIahFyVNHhIicYjYJ-hIR_EsLgGC-XwB8ng4fA:1ts64Y:PbTVvDXd0Q-bUeNLhTJHfrsfEeF4JJMZ9rYsQcb3HTI", "expire_date": "2025-03-25T20:19:30.735Z"}}, {"model": "sessions.session", "pk": "guupurvd03b21cg9oj5uu56mvy2xp2qc", "fields": {"session_data": "e30:1trder:RRQlAWUsyr-wpsy8r17x91n_22OiT1_hxkCm746z4Nw", "expire_date": "2025-03-24T13:59:05.930Z"}}, {"model": "sessions.session", "pk": "is8js0kouml4e5q73rsclf4c7ropo3l8", "fields": {"session_data": "e30:1trdeV:cYoBo507NFCy6nSN5gQdJ3DpBS7t7owoE2-ASOpl4sc", "expire_date": "2025-03-24T13:58:43.563Z"}}, {"model": "sessions.session", "pk": "s678dfsisi0k8f8gk25ynpn0pjclc0i6", "fields": {"session_data": ".eJxVjDEKwzAMAP_iuRiSSLbTsXvfECRLbtIWG-JkCv17MWRo17vjDjPRvs3TXnWdFjFX05nLL2OKL81NyJPyo9hY8rYubFtiT1vtvYi-b2f7N5ipzm3rPHTiNaoACTA6dgjRD2HEOIahFyVNHhIicYjYJ-hIR_EsLgGC-XwB8ng4fA:1tt3qZ:h3_61rmyfWZxZBt_fkyFWQONxKkxl9SK3Ng7ZLA421c", "expire_date": "2025-03-28T12:09:03.533Z"}}, {"model": "sessions.session", "pk": "sm1wtqay8c5mn11bh3fjq9oex747x0gi", "fields": {"session_data": "e30:1treht:JxW3OnlAsqff2oSY9k79AA7B37k9F8S6HnbHRzzubNE", "expire_date": "2025-03-24T15:06:17.457Z"}}, {"model": "sessions.session", "pk": "wqbtga4vjkj1jalqq15vr58pskwdjowg", "fields": {"session_data": "e30:1trdoa:Y8KjKO913fxuY9ZSvLMsTaz24QuZ6DTpUAoKk0kGGI8", "expire_date": "2025-03-24T14:09:08.337Z"}}, {"model": "sessions.session", "pk": "x55d88fqfepzio4rfch6gmfajwjud2ro", "fields": {"session_data": "e30:1trdYk:3XU8ZJx2ItmGoKOOaOcUpRIqgAlpOfZEC7Yj27htCRw", "expire_date": "2025-03-24T13:52:46.162Z"}}, {"model": "tape.tape", "pk": 1, "fields": {"title": "Relaxation", "description": "Songs to relax and unwind to", "created_at": "2025-03-06T07:44:15.559Z", "updated_at": "2025-03-06T07:44:15.559Z", "user": 1}}, {"model": "tape.tape", "pk": 2, "fields": {"title": "Motivation", "description": "Get going with these inspirational tracks", "created_at": "2025-03-06T07:57:17.464Z", "updated_at": "2025-03-06T07:57:17.464Z", "user": 1}}, {"model": "tape.tape", "pk": 3, "fields": {"title": "Rock playlist", "description": "Play air guitar, or air drums, to your heart's content!", "created_at": "2025-03-06T12:26:18.843Z", "updated_at": "2025-03-07T09:37:12.643Z", "user": 1}}, {"model": "tape.tape", "pk": 4, "fields": {"title": "Rock Album #2", "description": "More headbanging tunes", "created_at": "2025-03-09T17:47:38.264Z", "updated_at": "2025-03-09T17:47:38.264Z", "user": 1}}, {"model": "tape.tape", "pk": 5, "fields": {"title": "Brit Pop", "description": "Tunes from the 90s", "created_at": "2025-03-10T16:00:18.900Z", "updated_at": "2025-03-10T16:00:18.900Z", "user": 3}}, {"model": "tape.tape", "pk": 6, "fields": {"title": "Retro", "description": "Songs from the 60s to 70s", "created_at": "2025-03-11T15:06:01.375Z", "updated_at": "2025-03-11T18:04:11.177Z", "user": 3}}, {"model": "tape.tape", "pk": 7, "fields": {"title": "Country", "description": "Country hits", "created_at": "2025-03-14T10:18:06.578Z", "updated_at": "2025-03-14T10:18:06.578Z", "user": 1}}, {"model": "tape.tape", "pk": 8, "fields": {"title": "Tape for Marie", "description": "For my wife", "created_at": "2025-03-14T12:09:24.410Z", "updated_at": "2025-03-14T12:09:24.410Z", "user": 1}}, {"model": "song.song", "pk": 1, "fields": {"title": "Hoppipolla", "artist": "Sigur Ros", "album": null, "album_art_url": "https://i.scdn.co/image/ab67616d0000b27386b9c2836a00b67081e787a1", "tape": 1, "created_at": "2025-03-06T07:46:04.205Z", "updated_at": "2025-03-13T14:53:59.902Z"}}, {"model": "song.song", "pk": 2, "fields": {"title": "Naked", "artist": "Reef", "album": "Glow", "album_art_url": "https://i.scdn.co/image/ab67616d0000b2732578b9e033bcae8ced02183d", "tape": 2, "created_at": "2025-03-06T07:58:30.730Z", "updated_at": "2025-03-13T09:06:34.613Z"}}, {"model": "song.song", "pk": 4, "fields": {"title": "Tijuana Lady", "artist": "Gomez", "album": null, "album_art_url": "https://i.scdn.co/image/ab67616d0000b273ba71b155e7f702901db16f48", "tape": 1, "created_at": "2025-03-06T14:36:52.159Z", "updated_at": "2025-03-13T14:52:53.322Z"}}, {"model": "song.song", "pk": 5, "fields": {"title": "Too Much Too Young", "artist": "Little Angels", "album": null, "album_art_url": "https://i.scdn.co/image/ab67616d0000b273ab2a5f2012145c6756654cf1", "tape": 3, "created_at": "2025-03-06T14:39:41.894Z", "updated_at": "2025-03-13T14:55:38.534Z"}}, {"model": "song.song", "pk": 8, "fields": {"title": "Back In Black", "artist": "AC/DC", "album": null, "album_art_url": "https://i.scdn.co/image/ab67616d0000b2730b51f8d91f3a21e8426361ae", "tape": 3, "created_at": "2025-03-06T14:40:36.425Z", "updated_at": "2025-03-13T08:36:40.131Z"}}, {"model": "song.song", "pk": 9, "fields": {"title": "Walk", "artist": "Foo Fighters", "album": null, "album_art_url": "https://i.scdn.co/image/ab67616d0000b273cdac19bbaee5cc123edcc26f", "tape": 3, "created_at": "2025-03-06T14:40:36.454Z", "updated_at": "2025-03-13T14:56:43.139Z"}}, {"model": "song.song", "pk": 10, "fields": {"title": "Enter Sandman", "artist": "Metallica", "album": null, "album_art_url": "https://i.scdn.co/image/ab67616d0000b273cf84c5b276431b473e924802", "tape": 3, "created_at": "2025-03-06T14:40:36.516Z", "updated_at": "2025-03-13T14:56:57.045Z"}}, {"model": "song.song", "pk": 11, "fields": {"title": "Poison", "artist": "Alice Cooper", "album": null, "album_art_url": "https://i.scdn.co/image/ab67616d0000b2735d149c05419231f335e35bb7", "tape": 3, "created_at": "2025-03-06T14:54:07.027Z", "updated_at": "2025-03-13T08:41:27.425Z"}}, {"model": "song.song", "pk": 13, "fields": {"title": "Rock N Roll Train", "artist": "AC/DC", "album": null, "album_art_url": "https://i.scdn.co/image/ab67616d0000b273107d182a8d39586f8f3f23a0", "tape": 2, "created_at": "2025-03-06T18:33:55.263Z", "updated_at": "2025-03-13T14:55:17.800Z"}}, {"model": "song.song", "pk": 14, "fields": {"title": "Bail Me Out", "artist": "Pete Murray", "album": null, "album_art_url": "https://i.scdn.co/image/ab67616d0000b273ac90b58f944cded66f36cb55", "tape": 1, "created_at": "2025-03-07T07:52:31.981Z", "updated_at": "2025-03-13T14:52:42.717Z"}}, {"model": "song.song", "pk": 16, "fields": {"title": "More Human Than Human", "artist": "White Zombie", "album": null, "album_art_url": "https://i.scdn.co/image/ab67616d0000b273d2de49f423eb924c79a155d2", "tape": 2, "created_at": "2025-03-07T15:36:11.348Z", "updated_at": "2025-03-13T14:55:27.158Z"}}, {"model": "song.song", "pk": 17, "fields": {"title": "These Days", "artist": "Alien Ant Farm", "album": null, "album_art_url": "https://i.scdn.co/image/ab67616d0000b27363635c989dd9446f12bbb63d", "tape": 4, "created_at": "2025-03-09T17:49:54.450Z", "updated_at": "2025-03-13T14:57:08.450Z"}}, {"model": "song.song", "pk": 19, "fields": {"title": "Beetlebum", "artist": "Blur", "album": null, "album_art_url": "https://i.scdn.co/image/ab67616d0000b273de114203356c1f7b136960b6", "tape": 5, "created_at": "2025-03-10T16:01:30.645Z", "updated_at": "2025-03-13T14:57:26.777Z"}}, {"model": "song.song", "pk": 20, "fields": {"title": "Champagne Supernova", "artist": "Oasis", "album": null, "album_art_url": "https://i.scdn.co/image/ab67616d0000b2737a4c8c59851c88f6794c3cbf", "tape": 5, "created_at": "2025-03-10T16:01:30.666Z", "updated_at": "2025-03-13T14:57:40.220Z"}}, {"model": "song.song", "pk": 21, "fields": {"title": "Common People", "artist": "Pulp", "album": null, "album_art_url": "https://i.scdn.co/image/ab67616d0000b273fd952bece8f049dbcd7df93f", "tape": 5, "created_at": "2025-03-10T16:01:30.686Z", "updated_at": "2025-03-13T14:57:49.977Z"}}, {"model": "song.song", "pk": 22, "fields": {"title": "Connection", "artist": "Elastica", "album": null, "album_art_url": "https://i.scdn.co/image/ab67616d0000b273d1744cee7b14f1fb42cafe0c", "tape": 5, "created_at": "2025-03-10T16:02:19.110Z", "updated_at": "2025-03-13T14:58:13.893Z"}}, {"model": "song.song", "pk": 23, "fields": {"title": "Buck Rogers", "artist": "Feeder", "album": null, "album_art_url": "https://i.scdn.co/image/ab67616d0000b27374d614fc9140f20d9fb57882", "tape": 4, "created_at": "2025-03-11T13:14:51.147Z", "updated_at": "2025-03-13T09:08:24.543Z"}}, {"model": "song.song", "pk": 24, "fields": {"title": "Caffeine Bomb", "artist": "Wildhearts", "album": null, "album_art_url": "https://i.scdn.co/image/ab67616d0000b2730200eebef7cd5142fd169a60", "tape": 4, "created_at": "2025-03-11T13:14:51.162Z", "updated_at": "2025-03-13T09:08:59.613Z"}}, {"model": "song.song", "pk": 25, "fields": {"title": "King of the Kerb", "artist": "Echobelly", "album": null, "album_art_url": "https://i.scdn.co/image/ab67616d0000b273c51308138d3d02b0ef0c0a1f", "tape": 5, "created_at": "2025-03-11T17:41:28.969Z", "updated_at": "2025-03-13T14:59:43.531Z"}}, {"model": "song.song", "pk": 26, "fields": {"title": "Paperback Writer", "artist": "The Beatles", "album": null, "album_art_url": "https://i.scdn.co/image/ab67616d0000b273582d56ce20fe0146ffa0e5cf", "tape": 6, "created_at": "2025-03-11T18:03:44.364Z", "updated_at": "2025-03-13T14:59:56.734Z"}}, {"model": "song.song", "pk": 28, "fields": {"title": "Voodoo Chile", "artist": "Jimi Hendrix", "album": null, "album_art_url": "https://i.scdn.co/image/ab67616d0000b273522088789d49e216d9818292", "tape": 6, "created_at": "2025-03-11T18:03:44.406Z", "updated_at": "2025-03-13T15:00:05.568Z"}}, {"model": "song.song", "pk": 29, "fields": {"title": "Jumpin' Jack Flash", "artist": "The Rolling Stones", "album": null, "album_art_url": "https://i.scdn.co/image/ab67616d0000b273fbf1cc20744dc138f1bfb9bc", "tape": 6, "created_at": "2025-03-12T13:00:44.185Z", "updated_at": "2025-03-13T15:03:23.241Z"}}, {"model": "song.song", "pk": 31, "fields": {"title": "Red Dress", "artist": "Sugababes", "album": null, "album_art_url": "https://i.scdn.co/image/ab67616d0000b27369332887fe33abfed94d4ab4", "tape": 2, "created_at": "2025-03-13T14:43:09.145Z", "updated_at": "2025-03-13T14:43:09.145Z"}}, {"model": "song.song", "pk": 33, "fields": {"title": "Ratio", "artist": "Massive Wagons", "album": null, "album_art_url": "https://i.scdn.co/image/ab67616d0000b27368227bebfbcef91921944c19", "tape": 4, "created_at": "2025-03-13T15:23:16.288Z", "updated_at": "2025-03-13T15:23:16.288Z"}}, {"model": "song.song", "pk": 34, "fields": {"title": "Panama", "artist": "Van Halen", "album": null, "album_art_url": "https://i.scdn.co/image/ab67616d0000b273b414c63fb435b622238c15ed", "tape": 4, "created_at": "2025-03-14T09:44:19.031Z", "updated_at": "2025-03-14T09:44:19.031Z"}}, {"model": "song.song", "pk": 35, "fields": {"title": "All I Need", "artist": "Air", "album": null, "album_art_url": "https://i.scdn.co/image/ab67616d0000b2731216e4f7e84af70ef18146ed", "tape": 1, "created_at": "2025-03-14T09:46:38.329Z", "updated_at": "2025-03-14T09:46:38.329Z"}}, {"model": "song.song", "pk": 36, "fields": {"title": "Jolene", "artist": "Dolly Parton", "album": null, "album_art_url": "https://i.scdn.co/image/ab67616d0000b27314021e9ab9da5813bc6791cb", "tape": 7, "created_at": "2025-03-14T10:19:34.591Z", "updated_at": "2025-03-14T10:19:34.591Z"}}, {"model": "song.song", "pk": 37, "fields": {"title": "I Hung My Head", "artist": "Johnny Cash", "album": null, "album_art_url": "https://i.scdn.co/image/ab67616d0000b2736f4f62da3d811b6501a69ffa", "tape": 7, "created_at": "2025-03-14T10:19:34.830Z", "updated_at": "2025-03-14T10:19:34.830Z"}}, {"model": "song.song", "pk": 38, "fields": {"title": "Clock with No Hands", "artist": "Nanci Griffith", "album": null, "album_art_url": "https://i.scdn.co/image/ab67616d0000b273954be8e017cdf234a410e83d", "tape": 7, "created_at": "2025-03-14T10:19:35.076Z", "updated_at": "2025-03-14T10:19:35.076Z"}}, {"model": "song.song", "pk": 40, "fields": {"title": "Don't Stop", "artist": "Fleetwood Mac", "album": null, "album_art_url": "https://i.scdn.co/image/ab67616d0000b27357df7ce0eac715cf70e519a7", "tape": 8, "created_at": "2025-03-14T12:10:52.396Z", "updated_at": "2025-03-14T12:10:52.396Z"}}, {"model": "song.song", "pk": 41, "fields": {"title": "Aphrodite", "artist": "Kylie Minogue", "album": null, "album_art_url": "https://i.scdn.co/image/ab67616d0000b2737aafb170cd6302177ce374e3", "tape": 8, "created_at": "2025-03-14T12:10:52.707Z", "updated_at": "2025-03-14T12:10:52.707Z"}}, {"model": "song.song", "pk": 42, "fields": {"title": "You're My Best Friend", "artist": "Queen", "album": null, "album_art_url": "https://i.scdn.co/image/ab67616d0000b273e319baafd16e84f0408af2a0", "tape": 8, "created_at": "2025-03-14T13:47:37.971Z", "updated_at": "2025-03-14T13:47:37.971Z"}}, {"model": "song.song", "pk": 43, "fields": {"title": "Can't Get Out OF My Mind", "artist": "Terrorvision", "album": null, "album_art_url": "https://i.scdn.co/image/ab67616d0000b27302ef92c1183809ec8f505ff5", "tape": 8, "created_at": "2025-03-14T13:47:38.217Z", "updated_at": "2025-03-14T13:51:34.663Z"}}, {"model": "user.profile", "pk": 1, "fields": {"user": 1, "is_activated": false}}, {"model": "user.profile", "pk": 2, "fields": {"user": 2, "is_activated": false}}, {"model": "user.profile", "pk": 3, "fields": {"user": 3, "is_activated": false}}]